CCCCCCCCCNCCNCCCCC(=O)[O-][Na+];17.4
COCCCCCCCCNCCCCOS(=O)(=O)[O-][Na+];30.5
COCCNCNCCOCNOCCOS(=O)(=O)[O-][Na+];55.1
CCCCCCCCCCCNCCOCCC(=O)[O-][Na+];9.9
CCCCCCCCCCCOCCCOCC(=O)[O-][Na+];2.4
CCCCCCCCCCCNOCCC(=O)[O-][K+];12.9
CCCCCNCCCCCNOCOOS(=O)(=O)[O-][Na+];42.8
CCCCCCONCCCCCCCCCC(=O)[O-][Na+];9.9
CCCCCCNCCNCNOCNOS(=O)(=O)[O-][Na+];60.2
CCCCCCCCCCCNONNOS(=O)(=O)[O-][Na+];50.3
CCCCCCCCNCCCCNCOS(=O)(=O)[O-][Na+];38.0
CNCCCCCCCCCCCOCCCC(=O)[O-][Na+];9.9
CCCCCCCCCOCOCCCCCC(=O)[O-][Na+];2.4
CCCCCCCCOCCCCCCCCC(=O)[O-][Na+];1.7763568394e-15
CCCCNCCCCCNOOCCOS(=O)(=O)[O-][Na+];42.8
CCNCCCCNCNNCOCCOS(=O)(=O)[O-][Na+];60.2
CCCCCCCCCOCNONCOS(=O)(=O)[O-][Na+];42.8
CCCCCCCCCNNNOCCOS(=O)(=O)[O-][Na+];50.3
CCCCCNNCCCCNOCNC(=O)[O-][K+];42.6
CCCCCCCCCCNCOCCOS(=O)(=O)[O-][Na+];30.5
CCNCCCCCCCCCCCCCCC(=O)[O-][Na+];7.5
COCCCCCNCCCCCCCCCC(=O)[O-][Na+];9.9
CCCCCCNCOCCCCCCCCC(=O)[O-][Na+];9.9
COCONCCCCOCNOCCOS(=O)(=O)[O-][Na+];47.6
CCOCCCCNCCCNCCCCCC(=O)[O-][Na+];19.8
COCCNCCCCOCNOCCOS(=O)(=O)[O-][Na+];45.2
CCCCCCCCNCNCONOOS(=O)(=O)[O-][Na+];52.7
CCNCOCCCCCCCCCCCCC(=O)[O-][Na+];9.9
CCCCCCCCCCCCCCCNCC(=O)[O-][Na+];7.5
CCCCCCNNCOCNOCCOS(=O)(=O)[O-][Na+];52.7
CCCCCCCCCCCNOCOC(=O)[O-][K+];15.3
CCCCCCNNCOCNNCCOS(=O)(=O)[O-][Na+];60.2
CCCCCCCCCCNCNCCOS(=O)(=O)[O-][Na+];38.0
CCCNCCCOOCCNOCNC(=O)[O-][K+];37.5
CCCCCNCCCCCNOCOC(=O)[O-][Na+];23.2
CCOCCCNCOCCCCCCCCC(=O)[O-][Na+];12.3
CCCCCOCCCNNCOCOOS(=O)(=O)[O-][Na+];45.2
CCCCCCCCCCCCCCCNOC(=O)[O-][Na+];9.9
CCNCNCCCCOCNOCCOS(=O)(=O)[O-][Na+];52.7
CCCCCNCCCCNCOCCOS(=O)(=O)[O-][Na+];40.4
CCCOCCNCCOCNOCCOS(=O)(=O)[O-][Na+];45.2
CCCCCCCCCONCCCCCCC(=O)[O-][Na+];9.9
CCCCCCCNCCCCCCCCCC(=O)[O-][Na+];7.5
CCCCCCCOCNOCOCCOS(=O)(=O)[O-][Na+];35.3
CCCCCCCCCCNCOCCC(=O)[O-][K+];12.9
COCCNCCCCOCNOCNOS(=O)(=O)[O-][Na+];55.1
CCCCCCCCCOCCNCCCCC(=O)[O-][Na+];9.9
COCCCCCCNNCNOCOOS(=O)(=O)[O-][Na+];55.1
COCCCCCCCCCCCOCCCC(=O)[O-][Na+];2.4
CCCCCCCOCCCCCCCCCC(=O)[O-][Na+];1.7763568394e-15
CCCCCCNCCOCOOCCOS(=O)(=O)[O-][Na+];35.3
CNCCNNCCCOCNOCCOS(=O)(=O)[O-][Na+];62.6
CCCCCCCCCCCNOCOOS(=O)(=O)[O-][Na+];32.9
CCCNCCCCOCCNOCNC(=O)[O-][K+];35.1
COCCCCCCCCCNOCOOS(=O)(=O)[O-][Na+];35.3
CCCCCCNCCCNCOCCOS(=O)(=O)[O-][Na+];40.4
CCCCCONCCOCNOCCC(=O)[O-][K+];27.6
CCCCCCCCCOCCOCCCCC(=O)[O-][Na+];2.4
CCCCCCCOCOCCCCCCCO;14.8
COCCCCCCCCCNOCOC(=O)[O-][Na+];15.7
CCCCNCCCCCCCCCCCCC(=O)[O-][Na+];7.5
CCCCCNCCCNCNOCOOS(=O)(=O)[O-][Na+];52.7
CCCCCCCCOCNOOCCOS(=O)(=O)[O-][Na+];35.3
CCCCCCCCNCNCONNOS(=O)(=O)[O-][Na+];60.2
CCCCCCCCCCCNOCNC(=O)O;3.8
CCCCCCOCCCNCOCCOS(=O)(=O)[O-][Na+];32.9
CCCCCCNCCCCCNCNOS(=O)(=O)[O-][Na+];47.9
COCCCCCCCOCCCCCCCC(=O)[O-][Na+];2.4
CCNCCCCCCCCCCCOCCC(=O)[O-][Na+];9.9
CCCCCCCCCCCCOCNC(=O)[O-][K+];12.9
CNCCCNCCCOCNOCCOS(=O)(=O)[O-][Na+];52.7
CCCCCCCCCONCOCCOS(=O)(=O)[O-][Na+];32.9
CCCCCNCCNCCCCCCCOC(=O)[O-][Na+];19.8
CCCCCCNCCCCCCCCNCC(=O)[O-][Na+];17.4
CCCCCCCCCCCNOCNC(=O)[O-][K+];22.8
CCCCCCCCCCCCCCOCCC(=O)[O-][Na+];1.7763568394e-15
CCCCCCCCCCCCCOCCOC(=O)[O-][Na+];2.4
CCCCCCCCCNOCOCOOS(=O)(=O)[O-][Na+];35.3
CCCCCCCCCCCNOCOC(=O)O;3.7
CCCCCCCCCNNOOCCOS(=O)(=O)[O-][Na+];42.8
COCCCCCCCCCCCCCCOC(=O)[O-][Na+];2.4
CCCCCCCNCOCNOCNC(=O)[O-][K+];35.1
CONCCCCCCCNCONCOS(=O)(=O)[O-][Na+];52.7
CCCCCCCNCCCNOCNOS(=O)(=O)[O-][Na+];50.3
COCNCOCCCOCCOCCCCC(=O)[O-][Na+];17.1
CCCCCCCCOCCNOCNC(=O)[O-][K+];25.2
CCCCCCOCCCCCCCOCCC(=O)[O-][Na+];2.4
CCCCCCCCOCCNOCOOS(=O)(=O)[O-][Na+];35.3
CCCCOCCCCCCCCCCCCC(=O)[O-][Na+];1.7763568394e-15
CCCCCCCCCOCNOCNOS(=O)(=O)[O-][Na+];42.8
CCOCCCCCOCNOOCCOS(=O)(=O)[O-][Na+];37.7
COCCCCCCNCCNOCOOS(=O)(=O)[O-][Na+];45.2
CCCCCCOCCOCNOOCOS(=O)(=O)[O-][Na+];37.7
CCCCCCCNCCNCCCCOS(=O)(=O)[O-][Na+];38.0
CCCNCNCCCCCCCNCCCC(=O)[O-][Na+];27.3
CCCCCCCNCCNCOCCOS(=O)(=O)[O-][Na+];40.4
CCCCCCCNCOCNNCCOS(=O)(=O)[O-][Na+];50.3
CNCCCCCCOCCCCCCCCC(=O)[O-][Na+];9.9
CCCCCCCCCOCCCCCCCC(=O)[O-][Na+];1.7763568394e-15
CCCCCONCCOCNOCCOS(=O)(=O)[O-][Na+];45.2
CCCCCCCCCOCCCCCCCO;17.2
CCCCCCCCCCCOOCNC(=O)[O-][K+];15.3
CCCCCCCNCOCNCCCOS(=O)(=O)[O-][Na+];40.4
CCCCCOCCCCNOOCCOS(=O)(=O)[O-][Na+];35.3
CCCCCCCCCCONOCOOS(=O)(=O)[O-][Na+];35.3
CCCCCCNCCCCCCCCCCC(=O)[O-][Na+];7.5
CCCCCNCCCOCNOCNOS(=O)(=O)[O-][Na+];52.7
CCCCCCOCCCCNNCOOS(=O)(=O)[O-][Na+];42.8
COCONCCCCOCNONCOS(=O)(=O)[O-][Na+];57.5
CCCCCCCCCNNCOCCOS(=O)(=O)[O-][Na+];40.4
CCCCCCNCCOCOCCCCCC(=O)[O-][Na+];12.3
CCOCCCCNCCCCCCCCCC(=O)[O-][Na+];9.9
COCCCCCNCCCCCCCCOC(=O)[O-][Na+];12.3
CCCCCCCCCCCNNCOC(=O)O;3.8
COCNCCCCCOCCCCCCCC(=O)[O-][Na+];12.3
CCCCCCCNCNNCOOCOS(=O)(=O)[O-][Na+];52.7
CCCCCCCCCOOCCCCCCC(=O)[O-][Na+];2.4
COCCCCCCCCCOOCNOS(=O)(=O)[O-][Na+];35.3
CCCNCCCCCOCCCCCCCC(=O)[O-][Na+];9.9
COCCCCCCCCCNOCCOS(=O)(=O)[O-][Na+];32.9
COCNCCCCCOCCOCCCCC(=O)[O-][Na+];14.7
CCCCCCCCCONNOCCOS(=O)(=O)[O-][Na+];42.8
CCCOCCCCCCNCONCOS(=O)(=O)[O-][Na+];42.8
CCCNCCCCCCOCCCCCCC(=O)[O-][Na+];9.9
COCCCCCCOCCNOCNOS(=O)(=O)[O-][Na+];45.2
CCCCCCCCCNNCOCNOS(=O)(=O)[O-][Na+];50.3
CCCCCCCCNCNCCCCOS(=O)(=O)[O-][Na+];38.0
CCCNCCCCCCCCCCOCCC(=O)[O-][Na+];9.9
CCCNCNCCCCCCCCCCCC(=O)[O-][Na+];17.4
CCCCCCNCCCOCCCCCCC(=O)[O-][Na+];9.9
CCCCCCCCCCNNOCNOS(=O)(=O)[O-][Na+];50.3
CCCCCOCCCOCNOCCO;1.5
CCCCCCCCOCCCCCCOCC(=O)[O-][Na+];2.4
CCCCCCCCCNCNOCNOS(=O)(=O)[O-][Na+];50.3
CCCCCCCCCCCCCCCCCC(=O)O;19.4
CCCCCCCCCNNCOCOOS(=O)(=O)[O-][Na+];42.8
CCCCCCCCCCONOCCOS(=O)(=O)[O-][Na+];32.9
CCCCCCCCCCCNOCCOS(=O)(=O)[O-][Na+];30.5
CCCCCCCCCNNCOCCC(=O)[O-][Na+];20.8
CCCCCCCCCCNCOCCC(=O)O;6.1
CCCOCCNCCOCNOCNOS(=O)(=O)[O-][Na+];55.1
CCCCNNCCCCNCOCCOS(=O)(=O)[O-][Na+];50.3
CCCCCNCCCCCNOCNC(=O)[O-][K+];32.7
CCCCCCCCCCCNOONOS(=O)(=O)[O-][Na+];42.8
COCCCCCCCOCCOCCOS(=O)(=O)[O-][Na+];25.4
CCCCCCCNNONCOCCOS(=O)(=O)[O-][Na+];52.7
CCCCCCCCCOCCOCCOS(=O)(=O)[O-][Na+];23.0
CCCCCCCCCCNOOCCOS(=O)(=O)[O-][Na+];32.9
CCCCCCCNCNCCOCCOS(=O)(=O)[O-][Na+];40.4
CONCCCCNCOCCCCCCCC(=O)[O-][Na+];22.2
CCCCNCCCCOCNOCCO;6.0
CCCCCCCCCCCCNCCCCC(=O)[O-][Na+];7.5
CCCCCCCCCNNCCCCOS(=O)(=O)[O-][Na+];38.0
CCCCCCCNCCNNOCNOS(=O)(=O)[O-][Na+];60.2
COCCCCCCCCNCONCOS(=O)(=O)[O-][Na+];42.8
CCCNCNCCCCCCCCCOCC(=O)[O-][Na+];19.8
CCCCCCCNCCCNOCNC(=O)[O-][K+];32.7
CCCCCCCCCOCNOCCO;3.9
COOCCCCCOCCCCCCCCC(=O)[O-][Na+];4.8
CCCCCCCOCCNOOCCOS(=O)(=O)[O-][Na+];35.3
CCCCCNCCCCCCCCCCCC(=O)[O-][Na+];7.5
CCNCCCCCCOCNOCCO;6.0
COCCCCCNCCCNOCNOS(=O)(=O)[O-][Na+];52.7
CCCCNCCCNCNCONCOS(=O)(=O)[O-][Na+];60.2
COCCCCCCOCCCCCCCCC(=O)[O-][Na+];2.4
CCCCCCCCCCONOCNC(=O)O;6.2
CCCCCNCCCCCCCNCCCC(=O)[O-][Na+];17.4
CCCCCCCCCCCCCCCCOC(=O)[O-][Na+];1.7763568394e-15
CCOCCCCNCCCCCCCCCO;7.3
CCCCCCCCCOCCCOCCCO;14.8
CCCCCCCCCCCCCCCCCC(=O)[O-][Na+];2.4
CCCCCCCCOCCCOCNOS(=O)(=O)[O-][Na+];32.9
CNCNCCCCCCNCOCCOS(=O)(=O)[O-][Na+];50.3
CCCCCCCCCOCNOOCO;1.5
CCCCCNCCCOCNOCCOS(=O)(=O)[O-][Na+];42.8
CNCCCCCCCCCNOCNC(=O)O;13.7
CCOCNCCCCOCNOCCOS(=O)(=O)[O-][Na+];45.2
CCCCCCCOCCCCCCOCCC(=O)[O-][Na+];2.4
CCCCCCCCCCCCOCCOS(=O)(=O)[O-][Na+];20.6
COCOCCCCCCCNOCNOS(=O)(=O)[O-][Na+];45.2
COCCCCCCNCCOOCOOS(=O)(=O)[O-][Na+];37.7
COCNCCCCCONCCCCCCC(=O)[O-][Na+];22.2
COCCCCCCCCCNOCNOS(=O)(=O)[O-][Na+];42.8
CCCCCCCCCCCOCCCCOC(=O)[O-][Na+];2.4
CCCCCNCCCCCNOCCOS(=O)(=O)[O-][Na+];40.4
CCCCCOCCCNNCOOCOS(=O)(=O)[O-][Na+];45.2
COCCCCCCCCCCCCCCCC(=O)[O-][Na+];1.7763568394e-15
CONCCCCCCOCCCCCCCC(=O)[O-][Na+];12.3
CCCCCCCCCOCNNCNOS(=O)(=O)[O-][Na+];50.3
CCCCCCCCCCNOOCCC(=O)[O-][K+];15.3
CCCCCCCCNCNCCNCOS(=O)(=O)[O-][Na+];47.9
CCCCCOOCCCNCOCCOS(=O)(=O)[O-][Na+];35.3
CCCCCCCCNCCNOCNC(=O)[O-][K+];32.7
CCCCCCCCNCNCONCOS(=O)(=O)[O-][Na+];50.3
CCCCCCCCCOCOOOCOS(=O)(=O)[O-][Na+];27.8
CCCCCOCCCCNCONCOS(=O)(=O)[O-][Na+];42.8
CCCCCCCCCCCCCCCOCC(=O)[O-][Na+];1.7763568394e-15
CCCCCCCCCNOCOCCOS(=O)(=O)[O-][Na+];32.9
CCCCCCCNOCCNOCNC(=O)[O-][K+];35.1
CCCCCCNCCCCNOCNC(=O)[O-][K+];32.7
COCCCCOCCOCCCCCCCC(=O)[O-][Na+];4.8
CNCCCCCNCOCNNCCOS(=O)(=O)[O-][Na+];60.2
CCCCOCCCCCCNOCNOS(=O)(=O)[O-][Na+];42.8
CCOCNCCCCOCNOCNOS(=O)(=O)[O-][Na+];55.1
CCCCCCCNCOCNOCCC(=O)[O-][K+];25.2
CCCCCCCCCNCCOCCOS(=O)(=O)[O-][Na+];30.5
CCCCOCCNCOCNOCCC(=O)[O-][K+];27.6
CNCCCCNCCCCCCCCCCC(=O)[O-][Na+];17.4
CCCOCCCCCCCNOCNOS(=O)(=O)[O-][Na+];42.8
CCCCCCCCCOCNONCO;6.0
CCCCCCCCCCCCOCNOS(=O)(=O)[O-][Na+];30.5
CCCCCCCCNOCNOCCOS(=O)(=O)[O-][Na+];42.8
CCCCCCCCCNNCOOCOS(=O)(=O)[O-][Na+];42.8
CNCCCCCOCCCNOCNOS(=O)(=O)[O-][Na+];52.7
CCCCCCCCOOCOOOCOS(=O)(=O)[O-][Na+];30.2
CCCCCCCOCONCONCOS(=O)(=O)[O-][Na+];45.2
CCCCCCCCCCNCONCOS(=O)(=O)[O-][Na+];40.4
CCCNCCCCCCCNNCOOS(=O)(=O)[O-][Na+];50.3
CCCCCCCOCCNCONCOS(=O)(=O)[O-][Na+];42.8
CCCOCCCNCCCNOCNOS(=O)(=O)[O-][Na+];52.7
COCCCCCCCCCNONNOS(=O)(=O)[O-][Na+];52.7
CCCCCCCOCCCCCCCOCC(=O)[O-][Na+];2.4
CCCCCCCCCOCOOCCOS(=O)(=O)[O-][Na+];25.4
CCCCNCCCOOCNOCCOS(=O)(=O)[O-][Na+];45.2
CCCCCCCCCNCOOOCOS(=O)(=O)[O-][Na+];35.3
CCCCCCCNOCCCCCCCCC(=O)[O-][Na+];9.9
CCCCNCCCCOCCOCCOS(=O)(=O)[O-][Na+];32.9
CCCCCCCOCCCCCCCNCC(=O)[O-][Na+];9.9
CCCCCCCCCOCNOCCOS(=O)(=O)[O-][Na+];32.9
CCCCNCCCCNCNOCCOS(=O)(=O)[O-][Na+];50.3
CCCNCCCCCCCCCCCCCC(=O)[O-][Na+];7.5
CCCCCCCCCCCCCOCCCC(=O)[O-][Na+];1.7763568394e-15
CCNCNNCCCOCNOCCOS(=O)(=O)[O-][Na+];62.6
CCCCCCCCCCCNNCNOS(=O)(=O)[O-][Na+];47.9
CCCCCCNCOOCNOCCOS(=O)(=O)[O-][Na+];45.2
CCNCCCCCCCCNOCOOS(=O)(=O)[O-][Na+];42.8
CCCCCCCCCCOCCCCCCC(=O)[O-][Na+];1.7763568394e-15
CCCCCCCCCCNCCCCOS(=O)(=O)[O-][Na+];28.1
CCCCNCCCCCCOCCCCCC(=O)[O-][Na+];9.9
CCCCCCCOCONCOCCOS(=O)(=O)[O-][Na+];35.3
CCCCCCNCCCCNNCNOS(=O)(=O)[O-][Na+];57.8
CCCCCNCCNCCCCCCCCC(=O)[O-][Na+];17.4
CNCCCCCCCCCCCCOCCC(=O)[O-][Na+];9.9
COCCCOCCCCCNOCOOS(=O)(=O)[O-][Na+];37.7
CCCCCCCCCNNCNCCCCC(=O)[O-][Na+];27.3
CCCCCCNCCOCNOCCOS(=O)(=O)[O-][Na+];42.8
CCCCCCCCCCOCONCOS(=O)(=O)[O-][Na+];32.9
CCCCCCCCCCNCNNCOS(=O)(=O)[O-][Na+];47.9
CCCCNNCCCCCNOCNC(=O)[O-][K+];42.6
CCCCCCOCCOCCCCCCCO;14.8
CCCCCCCCCCCNOCNOS(=O)(=O)[O-][Na+];40.4
COCCCCCNCOCCCCCCCC(=O)[O-][Na+];12.3
CCCCCCCCOCCCCCCNCC(=O)[O-][Na+];9.9
CCCCCCCCCCNCCCCCCC(=O)[O-][Na+];7.5
CCCCCCCCCCCNNCOOS(=O)(=O)[O-][Na+];40.4
COCCCCCCCNCNOCNOS(=O)(=O)[O-][Na+];52.7
CCCCOCCCCCCCCCCCCC(=O)O;17.0
COCCCCCCCNNCOCCOS(=O)(=O)[O-][Na+];42.8
CCCCCCCCCCCCCNCCOC(=O)[O-][Na+];9.9
CCCCCCOCCOCNOOCO;0.9
CCCCCCCCCCCOCCCCCC(=O)[O-][Na+];1.7763568394e-15
CCCCCCCCCCNCOCOOS(=O)(=O)[O-][Na+];32.9
CCCOCCCCOCNOOCCOS(=O)(=O)[O-][Na+];37.7
CCCCCNCCCCCNOCNOS(=O)(=O)[O-][Na+];50.3
CNCCCCCCCCNCOCCOS(=O)(=O)[O-][Na+];40.4
CCCCCCOCCOCNOCCOS(=O)(=O)[O-][Na+];35.3
CCCCCCCNCNNNOCCOS(=O)(=O)[O-][Na+];60.2
COCCCCCCCOCNOCCO;1.5
CCCCCCCCCOCCCCCCOC(=O)[O-][Na+];2.4
CNCOCCCCCCCNOCNC(=O)[O-][Na+];33.1
COCCCCCNNCCCCCCCCC(=O)[O-][Na+];19.8
CCCCCCCNCOCNOCCOS(=O)(=O)[O-][Na+];42.8
CCCCCCCNCNNCOCCOS(=O)(=O)[O-][Na+];50.3
CCCCCCCNCCCNNCNOS(=O)(=O)[O-][Na+];57.8
COCCCCCCCCNCOCCOS(=O)(=O)[O-][Na+];32.9
COCNCCCOCOCCCCCCCC(=O)[O-][Na+];14.7
CCCCCCCCNONNOCCOS(=O)(=O)[O-][Na+];52.7
CCCCCCOCCCCCNCCCCC(=O)[O-][Na+];9.9
CCCOCCNCCOCCOCCOS(=O)(=O)[O-][Na+];35.3
CCCCNCCCCOCNOCCOS(=O)(=O)[O-][Na+];42.8
CCCCCOCCCCCCCCCCCC(=O)[O-][Na+];1.7763568394e-15
CCCCCCCCNONCOCCOS(=O)(=O)[O-][Na+];42.8
CCCCCCNCOCCCCCCCCO;7.3
CNCCCCCNCNCCOCCOS(=O)(=O)[O-][Na+];50.3
CCCCOCCCCCNOOCCOS(=O)(=O)[O-][Na+];35.3
CNCCCCCCCOCNOCCOS(=O)(=O)[O-][Na+];42.8
CNCCCCCCCONCOCCOS(=O)(=O)[O-][Na+];42.8
CCCCCCCCCCOCCCOCCC(=O)[O-][Na+];2.4
CNCCCCCCCCCNOCNC(=O)[O-][Na+];30.7
CCCCCCCCCCONOCNC(=O)[O-][K+];25.2
CCCCNNCCCOCNOCCOS(=O)(=O)[O-][Na+];52.7
CCCCCOCNCCCCCCCCCC(=O)[O-][Na+];9.9
CNCCCCCCCCCNOCNOS(=O)(=O)[O-][Na+];50.3
CCCCCCCCCCCCONNOS(=O)(=O)[O-][Na+];40.4
CCCOCCCCCOCNOCCOS(=O)(=O)[O-][Na+];35.3
CCCCCCCCCCCCOCCC(=O)[O-][K+];3.0
CCCCCCNCCCCNNONOS(=O)(=O)[O-][Na+];60.2
CCCCCCCCCOCCCCNCCO;7.3
CNCCCCCCCCNCCCOCCC(=O)[O-][Na+];19.8
CNCCCNCCCCCCCCOCCC(=O)[O-][Na+];19.8
CCNCCCCCCOCNOCCOS(=O)(=O)[O-][Na+];42.8